{
    "n_estimators": 367,
    "learning_rate": 0.0580797890966491,
    "num_leaves": 16,
    "max_depth": 32,
    "min_child_samples": 35,
    "subsample": 0.7645355789365699,
    "colsample_bytree": 0.6793663245710502
}