{
    "n_estimators": 357,
    "learning_rate": 0.018295198763413952,
    "num_leaves": 250,
    "max_depth": 25,
    "min_child_samples": 86,
    "subsample": 0.9076608010042971,
    "colsample_bytree": 0.6459162304105437
}