{
    "n_estimators": 879,
    "learning_rate": 0.03925175981066742,
    "num_leaves": 220,
    "max_depth": 29,
    "min_child_samples": 15,
    "subsample": 0.7879109959877711,
    "colsample_bytree": 0.8332301475770066
}