{
    "n_estimators": 1190,
    "learning_rate": 0.07905295118015927,
    "num_leaves": 221,
    "max_depth": 16,
    "min_child_samples": 114,
    "subsample": 0.856723585382203,
    "colsample_bytree": 0.9461830634987519
}