{
    "n_estimators": 1198,
    "learning_rate": 0.11165260825267398,
    "num_leaves": 235,
    "max_depth": 27,
    "min_child_samples": 165,
    "subsample": 0.8474973707652133,
    "colsample_bytree": 0.8847324759331013
}