{
    "n_estimators": 585,
    "learning_rate": 0.11114926960048917,
    "num_leaves": 111,
    "max_depth": 29,
    "min_child_samples": 72,
    "subsample": 0.7404160668228755,
    "colsample_bytree": 0.8906581908483779
}