{
    "n_estimators": 1087,
    "learning_rate": 0.11992888700918213,
    "num_leaves": 255,
    "max_depth": 26,
    "min_child_samples": 116,
    "subsample": 0.8095345937689584,
    "colsample_bytree": 0.9287779489376592
}