{
    "model": "LightGBM",
    "phase": "basic_stats",
    "feature_groups": [
        "basic_stats"
    ],
    "representation": "team_differential",
    "dataset": "gen9ou_final_dataset",
    "n_features": 861,
    "metric": "roc_auc",
    "validation_best_score": 0.5764899494254208,
    "best_threshold": 0.502020202020202,
    "threshold_metric": "f1_macro",
    "threshold_range": [
        0.3,
        0.7
    ],
    "params": {
        "n_estimators": 609,
        "learning_rate": 0.03959123546072695,
        "num_leaves": 175,
        "max_depth": 30,
        "min_child_samples": 92,
        "subsample": 0.9761001318420046,
        "colsample_bytree": 0.7520663708932505
    },
    "test_metrics": {
        "accuracy": 0.5545212803696147,
        "f1_macro": 0.5544778505825785,
        "roc_auc": 0.5779246626865944,
        "log_loss": 0.68335569350763,
        "confusion_matrix": [
            [
                99437,
                76947
            ],
            [
                80025,
                95958
            ]
        ]
    },
    "rf_train_fraction": 0.15
}